SKU,Image filename
SIGMA-PLUS,sigma-plus.jpg
SIGMA-BASE,sigma.jpg
SIGMA-R1-PLUS,sigma-r1-plus.jpg
SIGMA-R1,sigma-r1.jpg
AURA-PLUS,aura-plus.jpg
AURA-BASE,aura.jpg
AURA-R1-PLUS,aura-r1-plus.jpg
AURA-R1,aura-r1.jpg
EAGLE-PLUS,eagle-plus.jpg
EAGLE-BASE,eagle.jpg
EAGLE-R1-PLUS,eagle-r1-plus.jpg
EAGLE-R1,eagle-r1.jpg
ALEX-PLUS,alex-plus.jpg
ALEX-BASE,alex.jpg
ALEX-R1-PLUS,alex-r1-plus.jpg
ALEX-R1,alex-r1.jpg
ECOTECH-PLUS,ecotech-plus.jpg
ECOTECH-BASE,ecotech.jpg
ECOTECH-R1-PLUS,ecotech-r1-plus.jpg
ECOTECH-R1,ecotech-r1.jpg
RAMBO-333-PLUS,rambo-333-plus.jpg
RAMBO-333,rambo-333.jpg
RAMBO-333-R1-PLUS,rambo-333-r1-plus.jpg
RAMBO-333-R1,rambo-333-r1.jpg
LEON-R1-GREY-PLUS,leon-r1-grey-plus.jpg
LEON-R1-GREY,leon-r1-grey.jpg
LION-R1-PLUS,lion-r1-plus.jpg
LION-R1,lion-r1.jpg
CHARLIE-R1-PLUS,charlie-r1-plus.jpg
CHARLIE-R1,charlie-r1.jpg
EMMA-R1-PLUS,emma-r1-plus.jpg
EMMA-R1,emma-r1.jpg
CHARLIE-PLUS,charlie-plus.jpg
CHARLIE-BASE,charlie.jpg
HULK-PRO-PLUS,hulk-pro-plus.jpg
HULK-PRO,hulk-pro.jpg
HULK-PLUS,hulk-plus.jpg
HULK-BASE,hulk.jpg
EMMA-PLUS,emma-plus.jpg
EMMA-BASE,emma.jpg
RAMBO-111-PLUS,rambo-111-plus.jpg
RAMBO-111,rambo-111.jpg
RAMBO-100-PLUS,rambo-100-plus.jpg
RAMBO-100,rambo-100.jpg
