ID,SKU,Type,Name,Published,Featured,Visibility in catalog,Short description,Description,Tax status,Tax class,In stock?,Stock,Categories,Tags,Images,Parent,Regular price,Attribute 1 name,Attribute 1 value(s),Attribute 1 visible,Attribute 1 global,Attribute 1 default,Meta: _price_dealer,Meta: _price_distributor,Meta: _moq_carton,Meta: _pack_inner,Meta: _pack_master,Meta: _gst_rate,Meta: _hsn_code
,SIGMA-PLUS,simple,SIGMA Plus Tricycle,1,0,visible,Premium SIGMA series tricycle with canopy and parental push handle.,Luvron SIGMA Plus — premium kids tricycle with canopy and parental push handle. Master carton of 12 units.,taxable,GST 18,1,500,Tricycles > SIGMA series,sigma,https://luvron.in/wp-content/uploads/luvron-products/sigma-plus.jpg,,1760,,,,,,1760,1637,1,1x1,12,18,95030010
,SIGMA-BASE,simple,SIGMA Tricycle,1,0,visible,SIGMA series base model tricycle. Master carton of 12.,Luvron SIGMA — kids tricycle with parental push handle. Master carton of 12 units.,taxable,GST 5,1,500,Tricycles > SIGMA series,sigma,https://luvron.in/wp-content/uploads/luvron-products/sigma.jpg,,1700,,,,,,1700,1581,1,1x1,12,5,87120010
,SIGMA-R1-PLUS,simple,SIGMA R1 Plus Tricycle,1,0,visible,SIGMA R1 Plus variant with canopy. Master carton of 12.,Luvron SIGMA R1 Plus — kids tricycle with canopy. Master carton of 12 units.,taxable,GST 18,1,500,Tricycles > SIGMA series,sigma,https://luvron.in/wp-content/uploads/luvron-products/sigma-r1-plus.jpg,,1660,,,,,,1660,1544,1,1x1,12,18,95030010
,SIGMA-R1,simple,SIGMA R1 Tricycle,1,0,visible,SIGMA R1 base variant tricycle. Master carton of 12.,Luvron SIGMA R1 — kids tricycle. Master carton of 12 units.,taxable,GST 5,1,500,Tricycles > SIGMA series,sigma,https://luvron.in/wp-content/uploads/luvron-products/sigma-r1.jpg,,1600,,,,,,1600,1488,1,1x1,12,5,87120010
,AURA-PLUS,simple,AURA Plus Tricycle,1,0,visible,AURA Plus tricycle with canopy. Master carton of 12.,Luvron AURA Plus — kids tricycle with canopy. Master carton of 12 units.,taxable,GST 18,1,500,Tricycles > AURA series,aura,https://luvron.in/wp-content/uploads/luvron-products/aura-plus.jpg,,1670,,,,,,1670,1553,1,1x1,12,18,95030010
,AURA-BASE,simple,AURA Tricycle,1,0,visible,AURA base tricycle. Master carton of 12.,Luvron AURA — kids tricycle. Master carton of 12 units.,taxable,GST 5,1,500,Tricycles > AURA series,aura,https://luvron.in/wp-content/uploads/luvron-products/aura.jpg,,1610,,,,,,1610,1497,1,1x1,12,5,87120010
,AURA-R1-PLUS,simple,AURA R1 Plus Tricycle,1,0,visible,AURA R1 Plus with canopy. Master carton of 12.,Luvron AURA R1 Plus — kids tricycle with canopy. Master carton of 12 units.,taxable,GST 18,1,500,Tricycles > AURA series,aura,https://luvron.in/wp-content/uploads/luvron-products/aura-r1-plus.jpg,,1570,,,,,,1570,1460,1,1x1,12,18,95030010
,AURA-R1,simple,AURA R1 Tricycle,1,0,visible,AURA R1 base tricycle. Master carton of 12.,Luvron AURA R1 — kids tricycle. Master carton of 12 units.,taxable,GST 5,1,500,Tricycles > AURA series,aura,https://luvron.in/wp-content/uploads/luvron-products/aura-r1.jpg,,1510,,,,,,1510,1404,1,1x1,12,5,87120010
,EAGLE-PLUS,simple,EAGLE Plus Tricycle,1,0,visible,EAGLE Plus with canopy. Master carton of 12.,Luvron EAGLE Plus — kids tricycle with canopy. Master carton of 12 units.,taxable,GST 18,1,500,Tricycles > EAGLE series,eagle,https://luvron.in/wp-content/uploads/luvron-products/eagle-plus.jpg,,1535,,,,,,1535,1428,1,1x1,12,18,95030010
,EAGLE-BASE,simple,EAGLE Tricycle,1,0,visible,EAGLE base tricycle. Master carton of 12.,Luvron EAGLE — kids tricycle. Master carton of 12 units.,taxable,GST 5,1,500,Tricycles > EAGLE series,eagle,https://luvron.in/wp-content/uploads/luvron-products/eagle.jpg,,1475,,,,,,1475,1372,1,1x1,12,5,87120010
,EAGLE-R1-PLUS,simple,EAGLE R1 Plus Tricycle,1,0,visible,EAGLE R1 Plus with canopy. Master carton of 12.,Luvron EAGLE R1 Plus — kids tricycle with canopy. Master carton of 12 units.,taxable,GST 18,1,500,Tricycles > EAGLE series,eagle,https://luvron.in/wp-content/uploads/luvron-products/eagle-r1-plus.jpg,,1435,,,,,,1435,1335,1,1x1,12,18,95030010
,EAGLE-R1,simple,EAGLE R1 Tricycle,1,0,visible,EAGLE R1 base tricycle. Master carton of 12.,Luvron EAGLE R1 — kids tricycle. Master carton of 12 units.,taxable,GST 5,1,500,Tricycles > EAGLE series,eagle,https://luvron.in/wp-content/uploads/luvron-products/eagle-r1.jpg,,1375,,,,,,1375,1279,1,1x1,12,5,87120010
,ALEX-PLUS,simple,ALEX Plus Tricycle,1,0,visible,ALEX Plus with canopy. Master carton of 12.,Luvron ALEX Plus — kids tricycle with canopy. Master carton of 12 units.,taxable,GST 18,1,500,Tricycles > ALEX series,alex,https://luvron.in/wp-content/uploads/luvron-products/alex-plus.jpg,,1595,,,,,,1595,1483,1,1x1,12,18,95030010
,ALEX-BASE,simple,ALEX Tricycle,1,0,visible,ALEX base tricycle. Master carton of 12.,Luvron ALEX — kids tricycle. Master carton of 12 units.,taxable,GST 5,1,500,Tricycles > ALEX series,alex,https://luvron.in/wp-content/uploads/luvron-products/alex.jpg,,1535,,,,,,1535,1428,1,1x1,12,5,87120010
,ALEX-R1-PLUS,simple,ALEX R1 Plus Tricycle,1,0,visible,ALEX R1 Plus with canopy. Master carton of 12.,Luvron ALEX R1 Plus — kids tricycle with canopy. Master carton of 12 units.,taxable,GST 18,1,500,Tricycles > ALEX series,alex,https://luvron.in/wp-content/uploads/luvron-products/alex-r1-plus.jpg,,1495,,,,,,1495,1390,1,1x1,12,18,95030010
,ALEX-R1,simple,ALEX R1 Tricycle,1,0,visible,ALEX R1 base tricycle. Master carton of 12.,Luvron ALEX R1 — kids tricycle. Master carton of 12 units.,taxable,GST 5,1,500,Tricycles > ALEX series,alex,https://luvron.in/wp-content/uploads/luvron-products/alex-r1.jpg,,1435,,,,,,1435,1335,1,1x1,12,5,87120010
,ECOTECH-PLUS,simple,ECOTECH Plus Tricycle,1,0,visible,ECOTECH Plus with canopy. Master carton of 12.,Luvron ECOTECH Plus — kids tricycle with canopy. Master carton of 12 units.,taxable,GST 18,1,500,Tricycles > ECOTECH series,ecotech,https://luvron.in/wp-content/uploads/luvron-products/ecotech-plus.jpg,,1430,,,,,,1430,1330,1,1x1,12,18,95030010
,ECOTECH-BASE,simple,ECOTECH Tricycle,1,0,visible,ECOTECH base tricycle. Master carton of 12.,Luvron ECOTECH — kids tricycle. Master carton of 12 units.,taxable,GST 5,1,500,Tricycles > ECOTECH series,ecotech,https://luvron.in/wp-content/uploads/luvron-products/ecotech.jpg,,1370,,,,,,1370,1274,1,1x1,12,5,87120010
,ECOTECH-R1-PLUS,simple,ECOTECH R1 Plus Tricycle,1,0,visible,ECOTECH R1 Plus with canopy. Master carton of 12.,Luvron ECOTECH R1 Plus — kids tricycle with canopy. Master carton of 12 units.,taxable,GST 18,1,500,Tricycles > ECOTECH series,ecotech,https://luvron.in/wp-content/uploads/luvron-products/ecotech-r1-plus.jpg,,1320,,,,,,1320,1228,1,1x1,12,18,95030010
,ECOTECH-R1,simple,ECOTECH R1 Tricycle,1,0,visible,ECOTECH R1 base tricycle. Master carton of 12.,Luvron ECOTECH R1 — kids tricycle. Master carton of 12 units.,taxable,GST 5,1,500,Tricycles > ECOTECH series,ecotech,https://luvron.in/wp-content/uploads/luvron-products/ecotech-r1.jpg,,1270,,,,,,1270,1181,1,1x1,12,5,87120010
,RAMBO-333-PLUS,simple,RAMBO 333 Plus Tricycle,1,0,visible,RAMBO 333 Plus tricycle. Inner pack 3x4 master 12.,Luvron RAMBO 333 Plus — kids tricycle. Inner pack 3x4 master 12.,taxable,GST 18,1,500,Tricycles > RAMBO series,rambo,https://luvron.in/wp-content/uploads/luvron-products/rambo-333-plus.jpg,,1240,,,,,,1240,1153,1,3x4,12,18,95030010
,RAMBO-333,simple,RAMBO 333 Tricycle,1,0,visible,RAMBO 333 base tricycle. Inner pack 3x4 master 12.,Luvron RAMBO 333 — kids tricycle. Inner pack 3x4 master 12.,taxable,GST 5,1,500,Tricycles > RAMBO series,rambo,https://luvron.in/wp-content/uploads/luvron-products/rambo-333.jpg,,1180,,,,,,1180,1097,1,3x4,12,5,87120010
,RAMBO-333-R1-PLUS,simple,RAMBO 333 R1 Plus Tricycle,1,0,visible,RAMBO 333 R1 Plus tricycle. Inner pack 3x4 master 12.,Luvron RAMBO 333 R1 Plus — kids tricycle. Inner pack 3x4 master 12.,taxable,GST 18,1,500,Tricycles > RAMBO series,rambo,https://luvron.in/wp-content/uploads/luvron-products/rambo-333-r1-plus.jpg,,1160,,,,,,1160,1079,1,3x4,12,18,95030010
,RAMBO-333-R1,simple,RAMBO 333 R1 Tricycle,1,0,visible,RAMBO 333 R1 base tricycle. Inner pack 3x4 master 12.,Luvron RAMBO 333 R1 — kids tricycle. Inner pack 3x4 master 12.,taxable,GST 5,1,500,Tricycles > RAMBO series,rambo,https://luvron.in/wp-content/uploads/luvron-products/rambo-333-r1.jpg,,1100,,,,,,1100,1023,1,3x4,12,5,87120010
,LEON-R1-GREY-PLUS,variable,LEON R1 Grey Plus Tricycle,1,0,visible,LEON R1 Grey Plus — available in Inner Box or Master Carton pack.,Luvron LEON R1 Grey Plus — kids tricycle. Choose Inner Box (qty 15) or Master Carton (qty 12) pack.,taxable,GST 18,1,,Tricycles > LEON series,leon,https://luvron.in/wp-content/uploads/luvron-products/leon-r1-grey-plus.jpg,,,Pack type,Inner Box | Master Carton,1,1,Inner Box,,,,,,18,95030010
,LEON-R1-GREY-PLUS-IB,variation,LEON R1 Grey Plus (Inner Box),1,0,visible,Inner Box pack — 15 pcs/master.,,taxable,GST 18,1,500,,,,LEON-R1-GREY-PLUS,1200,Pack type,Inner Box,,,,1200,1116,1,1x1,15,18,95030010
,LEON-R1-GREY-PLUS-MC,variation,LEON R1 Grey Plus (Master Carton),1,0,visible,Master Carton pack — 3x4 inner / 12 master.,,taxable,GST 18,1,500,,,,LEON-R1-GREY-PLUS,1150,Pack type,Master Carton,,,,1150,1070,1,3x4,12,18,95030010
,LEON-R1-GREY,variable,LEON R1 Grey Tricycle,1,0,visible,LEON R1 Grey — available in Inner Box or Master Carton pack.,Luvron LEON R1 Grey — kids tricycle. Choose Inner Box (qty 15) or Master Carton (qty 12) pack.,taxable,GST 5,1,,Tricycles > LEON series,leon,https://luvron.in/wp-content/uploads/luvron-products/leon-r1-grey.jpg,,,Pack type,Inner Box | Master Carton,1,1,Inner Box,,,,,,5,87120010
,LEON-R1-GREY-IB,variation,LEON R1 Grey (Inner Box),1,0,visible,Inner Box pack — 15 pcs/master.,,taxable,GST 5,1,500,,,,LEON-R1-GREY,1140,Pack type,Inner Box,,,,1140,1060,1,1x1,15,5,87120010
,LEON-R1-GREY-MC,variation,LEON R1 Grey (Master Carton),1,0,visible,Master Carton pack — 3x4 inner / 12 master.,,taxable,GST 5,1,500,,,,LEON-R1-GREY,1090,Pack type,Master Carton,,,,1090,1014,1,3x4,12,5,87120010
,LION-R1-PLUS,variable,LION R1 Plus Tricycle,1,0,visible,LION R1 Plus — available in Inner Box or Master Carton pack.,Luvron LION R1 Plus — kids tricycle. Choose Inner Box (qty 15) or Master Carton (qty 12) pack.,taxable,GST 18,1,,Tricycles > LION series,lion,https://luvron.in/wp-content/uploads/luvron-products/lion-r1-plus.jpg,,,Pack type,Inner Box | Master Carton,1,1,Inner Box,,,,,,18,95030010
,LION-R1-PLUS-IB,variation,LION R1 Plus (Inner Box),1,0,visible,Inner Box pack — 15 pcs/master.,,taxable,GST 18,1,500,,,,LION-R1-PLUS,1140,Pack type,Inner Box,,,,1140,1060,1,1x1,15,18,95030010
,LION-R1-PLUS-MC,variation,LION R1 Plus (Master Carton),1,0,visible,Master Carton pack — 3x4 inner / 12 master.,,taxable,GST 18,1,500,,,,LION-R1-PLUS,1080,Pack type,Master Carton,,,,1080,1004,1,3x4,12,18,95030010
,LION-R1,variable,LION R1 Tricycle,1,0,visible,LION R1 — available in Inner Box or Master Carton pack.,Luvron LION R1 — kids tricycle. Choose Inner Box (qty 15) or Master Carton (qty 12) pack.,taxable,GST 5,1,,Tricycles > LION series,lion,https://luvron.in/wp-content/uploads/luvron-products/lion-r1.jpg,,,Pack type,Inner Box | Master Carton,1,1,Inner Box,,,,,,5,87120010
,LION-R1-IB,variation,LION R1 (Inner Box),1,0,visible,Inner Box pack — 15 pcs/master.,,taxable,GST 5,1,500,,,,LION-R1,1070,Pack type,Inner Box,,,,1070,995,1,1x1,15,5,87120010
,LION-R1-MC,variation,LION R1 (Master Carton),1,0,visible,Master Carton pack — 3x4 inner / 12 master.,,taxable,GST 5,1,500,,,,LION-R1,1020,Pack type,Master Carton,,,,1020,949,1,3x4,12,5,87120010
,CHARLIE-R1-PLUS,variable,CHARLIE R1 Plus Tricycle,1,0,visible,CHARLIE R1 Plus — available in Inner Box or Master Carton pack.,Luvron CHARLIE R1 Plus — kids tricycle. Choose Inner Box (qty 15) or Master Carton (qty 16) pack.,taxable,GST 18,1,,Tricycles > CHARLIE series,charlie,https://luvron.in/wp-content/uploads/luvron-products/charlie-r1-plus.jpg,,,Pack type,Inner Box | Master Carton,1,1,Inner Box,,,,,,18,95030010
,CHARLIE-R1-PLUS-IB,variation,CHARLIE R1 Plus (Inner Box),1,0,visible,Inner Box pack — 15 pcs/master.,,taxable,GST 18,1,500,,,,CHARLIE-R1-PLUS,1020,Pack type,Inner Box,,,,1020,949,1,1x1,15,18,95030010
,CHARLIE-R1-PLUS-MC,variation,CHARLIE R1 Plus (Master Carton),1,0,visible,Master Carton pack — 4x4 inner / 16 master.,,taxable,GST 18,1,500,,,,CHARLIE-R1-PLUS,970,Pack type,Master Carton,,,,970,902,1,4x4,16,18,95030010
,CHARLIE-R1,variable,CHARLIE R1 Tricycle,1,0,visible,CHARLIE R1 — available in Inner Box or Master Carton pack.,Luvron CHARLIE R1 — kids tricycle. Choose Inner Box (qty 15) or Master Carton (qty 16) pack.,taxable,GST 5,1,,Tricycles > CHARLIE series,charlie,https://luvron.in/wp-content/uploads/luvron-products/charlie-r1.jpg,,,Pack type,Inner Box | Master Carton,1,1,Inner Box,,,,,,5,87120010
,CHARLIE-R1-IB,variation,CHARLIE R1 (Inner Box),1,0,visible,Inner Box pack — 15 pcs/master.,,taxable,GST 5,1,500,,,,CHARLIE-R1,970,Pack type,Inner Box,,,,970,902,1,1x1,15,5,87120010
,CHARLIE-R1-MC,variation,CHARLIE R1 (Master Carton),1,0,visible,Master Carton pack — 4x4 inner / 16 master.,,taxable,GST 5,1,500,,,,CHARLIE-R1,920,Pack type,Master Carton,,,,920,856,1,4x4,16,5,87120010
,EMMA-R1-PLUS,variable,EMMA R1 Plus Tricycle,1,0,visible,EMMA R1 Plus — available in Inner Box or Master Carton pack.,Luvron EMMA R1 Plus — kids tricycle. Choose Inner Box (qty 15) or Master Carton (qty 16) pack.,taxable,GST 18,1,,Tricycles > EMMA series,emma,https://luvron.in/wp-content/uploads/luvron-products/emma-r1-plus.jpg,,,Pack type,Inner Box | Master Carton,1,1,Inner Box,,,,,,18,95030010
,EMMA-R1-PLUS-IB,variation,EMMA R1 Plus (Inner Box),1,0,visible,Inner Box pack — 15 pcs/master.,,taxable,GST 18,1,500,,,,EMMA-R1-PLUS,1100,Pack type,Inner Box,,,,1100,1023,1,1x1,15,18,95030010
,EMMA-R1-PLUS-MC,variation,EMMA R1 Plus (Master Carton),1,0,visible,Master Carton pack — 4x4 inner / 16 master.,,taxable,GST 18,1,500,,,,EMMA-R1-PLUS,1050,Pack type,Master Carton,,,,1050,977,1,4x4,16,18,95030010
,EMMA-R1,variable,EMMA R1 Tricycle,1,0,visible,EMMA R1 — available in Inner Box or Master Carton pack.,Luvron EMMA R1 — kids tricycle. Choose Inner Box (qty 15) or Master Carton (qty 16) pack.,taxable,GST 5,1,,Tricycles > EMMA series,emma,https://luvron.in/wp-content/uploads/luvron-products/emma-r1.jpg,,,Pack type,Inner Box | Master Carton,1,1,Inner Box,,,,,,5,87120010
,EMMA-R1-IB,variation,EMMA R1 (Inner Box),1,0,visible,Inner Box pack — 15 pcs/master.,,taxable,GST 5,1,500,,,,EMMA-R1,1050,Pack type,Inner Box,,,,1050,977,1,1x1,15,5,87120010
,EMMA-R1-MC,variation,EMMA R1 (Master Carton),1,0,visible,Master Carton pack — 4x4 inner / 16 master.,,taxable,GST 5,1,500,,,,EMMA-R1,1000,Pack type,Master Carton,,,,1000,930,1,4x4,16,5,87120010
,CHARLIE-PLUS,variable,CHARLIE Plus Tricycle,1,0,visible,CHARLIE Plus — available in Inner Box or Master Carton pack.,Luvron CHARLIE Plus — kids tricycle. Choose Inner Box (qty 15) or Master Carton (qty 20) pack.,taxable,GST 18,1,,Tricycles > CHARLIE series,charlie,https://luvron.in/wp-content/uploads/luvron-products/charlie-plus.jpg,,,Pack type,Inner Box | Master Carton,1,1,Inner Box,,,,,,18,95030010
,CHARLIE-PLUS-IB,variation,CHARLIE Plus (Inner Box),1,0,visible,Inner Box pack — 15 pcs/master.,,taxable,GST 18,1,500,,,,CHARLIE-PLUS,820,Pack type,Inner Box,,,,820,763,1,1x1,15,18,95030010
,CHARLIE-PLUS-MC,variation,CHARLIE Plus (Master Carton),1,0,visible,Master Carton pack — 5x4 inner / 20 master.,,taxable,GST 18,1,500,,,,CHARLIE-PLUS,770,Pack type,Master Carton,,,,770,716,1,5x4,20,18,95030010
,CHARLIE-BASE,variable,CHARLIE Tricycle,1,0,visible,CHARLIE — available in Inner Box or Master Carton pack.,Luvron CHARLIE — kids tricycle. Choose Inner Box (qty 15) or Master Carton (qty 20) pack.,taxable,GST 5,1,,Tricycles > CHARLIE series,charlie,https://luvron.in/wp-content/uploads/luvron-products/charlie.jpg,,,Pack type,Inner Box | Master Carton,1,1,Inner Box,,,,,,5,87120010
,CHARLIE-BASE-IB,variation,CHARLIE (Inner Box),1,0,visible,Inner Box pack — 15 pcs/master.,,taxable,GST 5,1,500,,,,CHARLIE-BASE,770,Pack type,Inner Box,,,,770,716,1,1x1,15,5,87120010
,CHARLIE-BASE-MC,variation,CHARLIE (Master Carton),1,0,visible,Master Carton pack — 5x4 inner / 20 master.,,taxable,GST 5,1,500,,,,CHARLIE-BASE,720,Pack type,Master Carton,,,,720,670,1,5x4,20,5,87120010
,HULK-PRO-PLUS,variable,HULK Pro Plus Tricycle,1,0,visible,HULK Pro Plus — available in Inner Box or Master Carton pack.,Luvron HULK Pro Plus — kids tricycle. Choose Inner Box (qty 15) or Master Carton (qty 16) pack.,taxable,GST 18,1,,Tricycles > HULK series,hulk,https://luvron.in/wp-content/uploads/luvron-products/hulk-pro-plus.jpg,,,Pack type,Inner Box | Master Carton,1,1,Inner Box,,,,,,18,95030010
,HULK-PRO-PLUS-IB,variation,HULK Pro Plus (Inner Box),1,0,visible,Inner Box pack — 15 pcs/master.,,taxable,GST 18,1,500,,,,HULK-PRO-PLUS,870,Pack type,Inner Box,,,,870,809,1,1x1,15,18,95030010
,HULK-PRO-PLUS-MC,variation,HULK Pro Plus (Master Carton),1,0,visible,Master Carton pack — 4x4 inner / 16 master.,,taxable,GST 18,1,500,,,,HULK-PRO-PLUS,820,Pack type,Master Carton,,,,820,763,1,4x4,16,18,95030010
,HULK-PRO,variable,HULK Pro Tricycle,1,0,visible,HULK Pro — available in Inner Box or Master Carton pack.,Luvron HULK Pro — kids tricycle. Choose Inner Box (qty 15) or Master Carton (qty 16) pack.,taxable,GST 5,1,,Tricycles > HULK series,hulk,https://luvron.in/wp-content/uploads/luvron-products/hulk-pro.jpg,,,Pack type,Inner Box | Master Carton,1,1,Inner Box,,,,,,5,87120010
,HULK-PRO-IB,variation,HULK Pro (Inner Box),1,0,visible,Inner Box pack — 15 pcs/master.,,taxable,GST 5,1,500,,,,HULK-PRO,820,Pack type,Inner Box,,,,820,763,1,1x1,15,5,87120010
,HULK-PRO-MC,variation,HULK Pro (Master Carton),1,0,visible,Master Carton pack — 4x4 inner / 16 master.,,taxable,GST 5,1,500,,,,HULK-PRO,770,Pack type,Master Carton,,,,770,716,1,4x4,16,5,87120010
,HULK-PLUS,variable,HULK Plus Tricycle,1,0,visible,HULK Plus — available in Inner Box or Master Carton pack.,Luvron HULK Plus — kids tricycle. Choose Inner Box (qty 15) or Master Carton (qty 16) pack.,taxable,GST 18,1,,Tricycles > HULK series,hulk,https://luvron.in/wp-content/uploads/luvron-products/hulk-plus.jpg,,,Pack type,Inner Box | Master Carton,1,1,Inner Box,,,,,,18,95030010
,HULK-PLUS-IB,variation,HULK Plus (Inner Box),1,0,visible,Inner Box pack — 15 pcs/master.,,taxable,GST 18,1,500,,,,HULK-PLUS,850,Pack type,Inner Box,,,,850,791,1,1x1,15,18,95030010
,HULK-PLUS-MC,variation,HULK Plus (Master Carton),1,0,visible,Master Carton pack — 4x4 inner / 16 master.,,taxable,GST 18,1,500,,,,HULK-PLUS,800,Pack type,Master Carton,,,,800,744,1,4x4,16,18,95030010
,HULK-BASE,variable,HULK Tricycle,1,0,visible,HULK — available in Inner Box or Master Carton pack.,Luvron HULK — kids tricycle. Choose Inner Box (qty 15) or Master Carton (qty 16) pack.,taxable,GST 5,1,,Tricycles > HULK series,hulk,https://luvron.in/wp-content/uploads/luvron-products/hulk.jpg,,,Pack type,Inner Box | Master Carton,1,1,Inner Box,,,,,,5,87120010
,HULK-BASE-IB,variation,HULK (Inner Box),1,0,visible,Inner Box pack — 15 pcs/master.,,taxable,GST 5,1,500,,,,HULK-BASE,800,Pack type,Inner Box,,,,800,744,1,1x1,15,5,87120010
,HULK-BASE-MC,variation,HULK (Master Carton),1,0,visible,Master Carton pack — 4x4 inner / 16 master.,,taxable,GST 5,1,500,,,,HULK-BASE,750,Pack type,Master Carton,,,,750,698,1,4x4,16,5,87120010
,EMMA-PLUS,variable,EMMA Plus Tricycle,1,0,visible,EMMA Plus — available in Inner Box or Master Carton pack.,Luvron EMMA Plus — kids tricycle. Choose Inner Box (qty 15) or Master Carton (qty 20) pack.,taxable,GST 18,1,,Tricycles > EMMA series,emma,https://luvron.in/wp-content/uploads/luvron-products/emma-plus.jpg,,,Pack type,Inner Box | Master Carton,1,1,Inner Box,,,,,,18,95030010
,EMMA-PLUS-IB,variation,EMMA Plus (Inner Box),1,0,visible,Inner Box pack — 15 pcs/master.,,taxable,GST 18,1,500,,,,EMMA-PLUS,880,Pack type,Inner Box,,,,880,818,1,1x1,15,18,95030010
,EMMA-PLUS-MC,variation,EMMA Plus (Master Carton),1,0,visible,Master Carton pack — 5x4 inner / 20 master.,,taxable,GST 18,1,500,,,,EMMA-PLUS,830,Pack type,Master Carton,,,,830,772,1,5x4,20,18,95030010
,EMMA-BASE,variable,EMMA Tricycle,1,0,visible,EMMA — available in Inner Box or Master Carton pack.,Luvron EMMA — kids tricycle. Choose Inner Box (qty 15) or Master Carton (qty 20) pack.,taxable,GST 5,1,,Tricycles > EMMA series,emma,https://luvron.in/wp-content/uploads/luvron-products/emma.jpg,,,Pack type,Inner Box | Master Carton,1,1,Inner Box,,,,,,5,87120010
,EMMA-BASE-IB,variation,EMMA (Inner Box),1,0,visible,Inner Box pack — 15 pcs/master.,,taxable,GST 5,1,500,,,,EMMA-BASE,830,Pack type,Inner Box,,,,830,772,1,1x1,15,5,87120010
,EMMA-BASE-MC,variation,EMMA (Master Carton),1,0,visible,Master Carton pack — 5x4 inner / 20 master.,,taxable,GST 5,1,500,,,,EMMA-BASE,780,Pack type,Master Carton,,,,780,725,1,5x4,20,5,87120010
,RAMBO-111-PLUS,simple,RAMBO 111 Plus Tricycle,1,0,visible,RAMBO 111 Plus tricycle. Inner pack 6x4 master 24.,Luvron RAMBO 111 Plus — kids tricycle. Inner pack 6x4 master 24.,taxable,GST 18,1,500,Tricycles > RAMBO series,rambo,https://luvron.in/wp-content/uploads/luvron-products/rambo-111-plus.jpg,,680,,,,,,680,632,1,6x4,24,18,95030010
,RAMBO-111,simple,RAMBO 111 Tricycle,1,0,visible,RAMBO 111 base tricycle. Inner pack 6x4 master 24.,Luvron RAMBO 111 — kids tricycle. Inner pack 6x4 master 24.,taxable,GST 5,1,500,Tricycles > RAMBO series,rambo,https://luvron.in/wp-content/uploads/luvron-products/rambo-111.jpg,,620,,,,,,620,577,1,6x4,24,5,87120010
,RAMBO-100-PLUS,simple,RAMBO 100 Plus Tricycle,1,0,visible,RAMBO 100 Plus tricycle. Inner pack 6x4 master 24.,Luvron RAMBO 100 Plus — kids tricycle. Inner pack 6x4 master 24.,taxable,GST 18,1,500,Tricycles > RAMBO series,rambo,https://luvron.in/wp-content/uploads/luvron-products/rambo-100-plus.jpg,,620,,,,,,620,577,1,6x4,24,18,95030010
,RAMBO-100,simple,RAMBO 100 Tricycle,1,0,visible,RAMBO 100 base tricycle. Inner pack 6x4 master 24.,Luvron RAMBO 100 — kids tricycle. Inner pack 6x4 master 24.,taxable,GST 5,1,500,Tricycles > RAMBO series,rambo,https://luvron.in/wp-content/uploads/luvron-products/rambo-100.jpg,,560,,,,,,560,521,1,6x4,24,5,87120010
